feature,importance
num_smiling,0.5076464555617797
num_brand_logos,0.38767633692900577
num_reacting_emotionally,0.10467720750921453
